{"_id":{"$oid":"5a1d73294c4eaf1a0009872b"},"firstName":"Garfield","lastName":"Donnelly","age":37,"__v":0}
{"_id":{"$oid":"5a1d73294c4eaf1a0009872c"},"firstName":"Torey","lastName":"Conroy","age":40,"__v":0}
{"_id":{"$oid":"5a1d73294c4eaf1a0009872d"},"firstName":"Onie","lastName":"Goldner","age":36,"__v":0}
{"_id":{"$oid":"5a1d73294c4eaf1a0009872e"},"firstName":"Turner","lastName":"Kshlerin","age":69,"__v":0}
{"_id":{"$oid":"5a1d73294c4eaf1a0009872f"},"firstName":"Jaquelin","lastName":"Schulist","age":62,"__v":0}
{"_id":{"$oid":"5a1d73294c4eaf1a00098730"},"firstName":"Angie","lastName":"Heller","age":25,"__v":0}
{"_id":{"$oid":"5a1d73294c4eaf1a00098732"},"firstName":"Aisha","lastName":"Waelchi","age":23,"__v":0}
{"_id":{"$oid":"5a1d73294c4eaf1a00098733"},"firstName":"Conner","lastName":"Ward","age":77,"__v":0}
{"_id":{"$oid":"5a1d73294c4eaf1a00098731"},"firstName":"Marilyne","lastName":"Gerhold","age":27,"__v":0}
{"_id":{"$oid":"5a1d73294c4eaf1a00098734"},"firstName":"Elton","lastName":"Dickinson","age":29,"__v":0}
{"_id":{"$oid":"5a1d73294c4eaf1a00098735"},"firstName":"Consuelo","lastName":"Towne","age":43,"__v":0}
{"_id":{"$oid":"5a1d73294c4eaf1a00098737"},"firstName":"Cathrine","lastName":"Schuppe","age":29,"__v":0}
{"_id":{"$oid":"5a1d73294c4eaf1a00098738"},"firstName":"Delmer","lastName":"Maggio","age":45,"__v":0}
{"_id":{"$oid":"5a1d73294c4eaf1a00098739"},"firstName":"Nellie","lastName":"Mante","age":64,"__v":0}
{"_id":{"$oid":"5a1d73294c4eaf1a0009873a"},"firstName":"Gregg","lastName":"O'Hara","age":15,"__v":0}
{"_id":{"$oid":"5a1d73294c4eaf1a0009873b"},"firstName":"Chesley","lastName":"Ruecker","age":62,"__v":0}
{"_id":{"$oid":"5a1d73294c4eaf1a0009873c"},"firstName":"Sherwood","lastName":"Crist","age":19,"__v":0}
{"_id":{"$oid":"5a1d73294c4eaf1a00098736"},"firstName":"Cyril","lastName":"Schuppe","age":44,"__v":0}
{"_id":{"$oid":"5a1d73294c4eaf1a0009873e"},"firstName":"Reed","lastName":"Halvorson","age":31,"__v":0}
{"_id":{"$oid":"5a1d73294c4eaf1a0009873f"},"firstName":"Kirsten","lastName":"Harvey","age":68,"__v":0}
{"_id":{"$oid":"5a1d73294c4eaf1a00098740"},"firstName":"Francis","lastName":"Schinner","age":61,"__v":0}
{"_id":{"$oid":"5a1d73294c4eaf1a0009873d"},"firstName":"Mafalda","lastName":"McLaughlin","age":45,"__v":0}
{"_id":{"$oid":"5a1d73294c4eaf1a00098741"},"firstName":"Winnifred","lastName":"Green","age":63,"__v":0}
{"_id":{"$oid":"5a1d73294c4eaf1a00098742"},"firstName":"Darron","lastName":"Pollich","age":22,"__v":0}
{"_id":{"$oid":"5a1d73294c4eaf1a00098743"},"firstName":"Lempi","lastName":"Keeling","age":49,"__v":0}
{"_id":{"$oid":"5a1d73294c4eaf1a00098744"},"firstName":"Faye","lastName":"Leffler","age":72,"__v":0}
{"_id":{"$oid":"5a1d73294c4eaf1a00098745"},"firstName":"Gillian","lastName":"Strosin","age":59,"__v":0}
{"_id":{"$oid":"5a1d73294c4eaf1a00098746"},"firstName":"Jedidiah","lastName":"Stamm","age":51,"__v":0}
{"_id":{"$oid":"5a1d73294c4eaf1a00098747"},"firstName":"Jameson","lastName":"Skiles","age":63,"__v":0}
{"_id":{"$oid":"5a1d73294c4eaf1a00098748"},"firstName":"Elna","lastName":"Langosh","age":40,"__v":0}
{"_id":{"$oid":"5a1d73294c4eaf1a00098749"},"firstName":"Joany","lastName":"White","age":42,"__v":0}
{"_id":{"$oid":"5a1d73294c4eaf1a0009874a"},"firstName":"Christiana","lastName":"Feest","age":27,"__v":0}
{"_id":{"$oid":"5a1d73294c4eaf1a0009874b"},"firstName":"Nicolette","lastName":"Champlin","age":34,"__v":0}
{"_id":{"$oid":"5a1d73294c4eaf1a0009874c"},"firstName":"Carmela","lastName":"Beer","age":56,"__v":0}
{"_id":{"$oid":"5a1d73294c4eaf1a0009874d"},"firstName":"Emery","lastName":"Schulist","age":54,"__v":0}
{"_id":{"$oid":"5a1d73294c4eaf1a0009874e"},"firstName":"Aglae","lastName":"Hansen","age":55,"__v":0}
{"_id":{"$oid":"5a1d73294c4eaf1a0009874f"},"firstName":"Spencer","lastName":"Jenkins","age":47,"__v":0}
{"_id":{"$oid":"5a1d73294c4eaf1a00098750"},"firstName":"Earline","lastName":"Bode","age":36,"__v":0}
{"_id":{"$oid":"5a1d73294c4eaf1a00098751"},"firstName":"Edmond","lastName":"Heaney","age":42,"__v":0}
{"_id":{"$oid":"5a1d73294c4eaf1a00098752"},"firstName":"Clementina","lastName":"Larkin","age":52,"__v":0}
{"_id":{"$oid":"5a1d73294c4eaf1a00098753"},"firstName":"Letha","lastName":"Veum","age":29,"__v":0}
{"_id":{"$oid":"5a1d73294c4eaf1a00098754"},"firstName":"Lexie","lastName":"Romaguera","age":76,"__v":0}
{"_id":{"$oid":"5a1d73294c4eaf1a00098755"},"firstName":"Angus","lastName":"McGlynn","age":47,"__v":0}
{"_id":{"$oid":"5a1d73294c4eaf1a00098756"},"firstName":"Tate","lastName":"Hahn","age":37,"__v":0}
{"_id":{"$oid":"5a1d73294c4eaf1a00098757"},"firstName":"Deon","lastName":"Nitzsche","age":38,"__v":0}
{"_id":{"$oid":"5a1d73294c4eaf1a00098758"},"firstName":"Peggie","lastName":"Jacobson","age":57,"__v":0}
{"_id":{"$oid":"5a1d73294c4eaf1a00098759"},"firstName":"Daryl","lastName":"Swift","age":57,"__v":0}
{"_id":{"$oid":"5a1d73294c4eaf1a0009875a"},"firstName":"Stephania","lastName":"Hyatt","age":28,"__v":0}
{"_id":{"$oid":"5a1d73294c4eaf1a0009875b"},"firstName":"Dorian","lastName":"Rodriguez","age":24,"__v":0}
{"_id":{"$oid":"5a1d73294c4eaf1a0009875c"},"firstName":"Rhoda","lastName":"Lebsack","age":11,"__v":0}
{"_id":{"$oid":"5a1d73294c4eaf1a0009875d"},"firstName":"Arlene","lastName":"Deckow","age":39,"__v":0}
{"_id":{"$oid":"5a1d73294c4eaf1a0009875e"},"firstName":"Westley","lastName":"Auer","age":79,"__v":0}
{"_id":{"$oid":"5a1d73294c4eaf1a0009875f"},"firstName":"Hester","lastName":"Bode","age":45,"__v":0}
{"_id":{"$oid":"5a1d73294c4eaf1a00098760"},"firstName":"Frieda","lastName":"Tromp","age":77,"__v":0}
{"_id":{"$oid":"5a1d73294c4eaf1a00098761"},"firstName":"Breana","lastName":"Ondricka","age":51,"__v":0}
{"_id":{"$oid":"5a1d73294c4eaf1a00098762"},"firstName":"Darius","lastName":"Stiedemann","age":42,"__v":0}
{"_id":{"$oid":"5a1d73294c4eaf1a00098763"},"firstName":"Tyshawn","lastName":"Batz","age":47,"__v":0}
{"_id":{"$oid":"5a1d73294c4eaf1a00098764"},"firstName":"Bernadette","lastName":"Bogisich","age":73,"__v":0}
{"_id":{"$oid":"5a1d73294c4eaf1a00098765"},"firstName":"Frederique","lastName":"Sipes","age":16,"__v":0}
{"_id":{"$oid":"5a1d73294c4eaf1a00098766"},"firstName":"Bernadette","lastName":"West","age":33,"__v":0}
{"_id":{"$oid":"5a1d73294c4eaf1a00098767"},"firstName":"Chester","lastName":"Zboncak","age":56,"__v":0}
{"_id":{"$oid":"5a1d73294c4eaf1a00098768"},"firstName":"Candelario","lastName":"Davis","age":40,"__v":0}
{"_id":{"$oid":"5a1d73294c4eaf1a00098769"},"firstName":"Cornelius","lastName":"Hoeger","age":73,"__v":0}
{"_id":{"$oid":"5a1d73294c4eaf1a0009876a"},"firstName":"Dana","lastName":"Nolan","age":35,"__v":0}
{"_id":{"$oid":"5a1d73294c4eaf1a0009876b"},"firstName":"Nathanael","lastName":"Von","age":39,"__v":0}
{"_id":{"$oid":"5a1d73294c4eaf1a0009876c"},"firstName":"Hubert","lastName":"Torp","age":46,"__v":0}
{"_id":{"$oid":"5a1d73294c4eaf1a0009876d"},"firstName":"Emile","lastName":"Dicki","age":60,"__v":0}
{"_id":{"$oid":"5a1d73294c4eaf1a0009876e"},"firstName":"Mack","lastName":"Dibbert","age":51,"__v":0}
{"_id":{"$oid":"5a1d73294c4eaf1a0009876f"},"firstName":"Eleonore","lastName":"Kirlin","age":79,"__v":0}
{"_id":{"$oid":"5a1d73294c4eaf1a00098770"},"firstName":"Lance","lastName":"Hirthe","age":79,"__v":0}
{"_id":{"$oid":"5a1d73294c4eaf1a00098771"},"firstName":"Kurtis","lastName":"McCullough","age":55,"__v":0}
{"_id":{"$oid":"5a1d73294c4eaf1a00098772"},"firstName":"Rubye","lastName":"Schmeler","age":50,"__v":0}
{"_id":{"$oid":"5a1d73294c4eaf1a00098773"},"firstName":"Max","lastName":"Dooley","age":21,"__v":0}
{"_id":{"$oid":"5a1d73294c4eaf1a00098774"},"firstName":"Cullen","lastName":"Jaskolski","age":12,"__v":0}
{"_id":{"$oid":"5a1d73294c4eaf1a00098775"},"firstName":"Vidal","lastName":"Reichert","age":20,"__v":0}
{"_id":{"$oid":"5a1d73294c4eaf1a00098776"},"firstName":"Lambert","lastName":"Jast","age":71,"__v":0}
{"_id":{"$oid":"5a1d73294c4eaf1a00098777"},"firstName":"Oswald","lastName":"Wolff","age":14,"__v":0}
{"_id":{"$oid":"5a1d73294c4eaf1a00098778"},"firstName":"Lupe","lastName":"Carroll","age":51,"__v":0}
{"_id":{"$oid":"5a1d73294c4eaf1a00098779"},"firstName":"Summer","lastName":"Rosenbaum","age":77,"__v":0}
{"_id":{"$oid":"5a1d73294c4eaf1a0009877a"},"firstName":"Norbert","lastName":"Ferry","age":76,"__v":0}
{"_id":{"$oid":"5a1d73294c4eaf1a0009877b"},"firstName":"Darrell","lastName":"DuBuque","age":36,"__v":0}
{"_id":{"$oid":"5a1d73294c4eaf1a0009877c"},"firstName":"Garry","lastName":"Lakin","age":12,"__v":0}
{"_id":{"$oid":"5a1d73294c4eaf1a0009877d"},"firstName":"Marielle","lastName":"Crona","age":34,"__v":0}
{"_id":{"$oid":"5a1d73294c4eaf1a0009877e"},"firstName":"Marley","lastName":"Wuckert","age":19,"__v":0}
{"_id":{"$oid":"5a1d73294c4eaf1a0009877f"},"firstName":"Aditya","lastName":"Langworth","age":65,"__v":0}
{"_id":{"$oid":"5a1d73294c4eaf1a00098780"},"firstName":"Dell","lastName":"Mosciski","age":34,"__v":0}
{"_id":{"$oid":"5a1d73294c4eaf1a00098781"},"firstName":"Nora","lastName":"Bashirian","age":14,"__v":0}
{"_id":{"$oid":"5a1d73294c4eaf1a00098782"},"firstName":"Geo","lastName":"Barrows","age":15,"__v":0}
{"_id":{"$oid":"5a1d73294c4eaf1a00098783"},"firstName":"Forest","lastName":"Erdman","age":56,"__v":0}
{"_id":{"$oid":"5a1d73294c4eaf1a00098784"},"firstName":"Trevion","lastName":"Weissnat","age":21,"__v":0}
{"_id":{"$oid":"5a1d73294c4eaf1a00098785"},"firstName":"Marian","lastName":"Crona","age":22,"__v":0}
{"_id":{"$oid":"5a1d732a4c4eaf1a00098786"},"firstName":"Jonatan","lastName":"Kertzmann","age":71,"__v":0}
{"_id":{"$oid":"5a1d732a4c4eaf1a00098787"},"firstName":"Walton","lastName":"Boehm","age":12,"__v":0}
{"_id":{"$oid":"5a1d732a4c4eaf1a00098788"},"firstName":"Ena","lastName":"Kuhlman","age":41,"__v":0}
{"_id":{"$oid":"5a1d732a4c4eaf1a00098789"},"firstName":"Dayne","lastName":"Conroy","age":12,"__v":0}
{"_id":{"$oid":"5a1d732a4c4eaf1a0009878a"},"firstName":"Hellen","lastName":"Robel","age":24,"__v":0}
{"_id":{"$oid":"5a1d732a4c4eaf1a0009878b"},"firstName":"Emerson","lastName":"Schultz","age":14,"__v":0}
{"_id":{"$oid":"5a1d732a4c4eaf1a0009878c"},"firstName":"Nils","lastName":"Rohan","age":61,"__v":0}
{"_id":{"$oid":"5a1d732a4c4eaf1a0009878d"},"firstName":"Florence","lastName":"Kozey","age":60,"__v":0}
{"_id":{"$oid":"5a1d732a4c4eaf1a0009878e"},"firstName":"Blanca","lastName":"Hane","age":68,"__v":0}
